,auc_train,acc_train,auc_test,acc_test,classifier,read_type,transformation
0,0.9324243628922712,0.3068181818181818,0.8358718487394958,0.13513513513513514,Logistic Regression,all,TSS
1,0.941436303106995,0.26136363636363635,0.8689950980392157,0.10810810810810811,Logistic Regression,all,TSS
2,0.9358689111848089,0.4772727272727273,0.8851015406162465,0.35135135135135137,Logistic Regression,all,TSS
3,0.9321312908428139,0.45454545454545453,0.8809523809523809,0.3783783783783784,Logistic Regression,all,TSS
4,0.9419950271469152,0.42045454545454547,0.8912990196078432,0.32432432432432434,Logistic Regression,all,TSS
0,0.9869221168209423,0.6704545454545454,0.8265843837535014,0.4594594594594595,KNeighborsClassifier,all,TSS
1,0.9822329757716504,0.625,0.8759016106442576,0.5405405405405406,KNeighborsClassifier,all,TSS
2,0.984813131008354,0.7045454545454546,0.8626575630252101,0.5945945945945946,KNeighborsClassifier,all,TSS
3,0.9856018859847054,0.7272727272727273,0.8588060224089635,0.5945945945945946,KNeighborsClassifier,all,TSS
4,0.9867565208569469,0.6704545454545454,0.8765231092436975,0.5675675675675675,KNeighborsClassifier,all,TSS
0,0.5442092103735628,0.25,0.5554271708683474,0.16216216216216217,SVC (Linear),all,TSS
1,0.8131314047485594,0.26136363636363635,0.772671568627451,0.10810810810810811,SVC (Linear),all,TSS
2,0.06792391692204358,0.4318181818181818,0.11852240896358543,0.2972972972972973,SVC (Linear),all,TSS
3,0.07302502693701635,0.4090909090909091,0.12032563025210084,0.35135135135135137,SVC (Linear),all,TSS
4,0.05943020776485735,0.4431818181818182,0.12002801120448181,0.3783783783783784,SVC (Linear),all,TSS
0,0.2513642933943802,0.2840909090909091,0.31948529411764703,0.16216216216216217,SVC (RBF),all,TSS
1,0.3414327541810033,0.3409090909090909,0.4052170868347339,0.16216216216216217,SVC (RBF),all,TSS
2,0.6627601324286694,0.45454545454545453,0.6470763305322128,0.35135135135135137,SVC (RBF),all,TSS
3,0.2931001991415138,0.4318181818181818,0.32622549019607844,0.35135135135135137,SVC (RBF),all,TSS
4,0.5236376363467808,0.4318181818181818,0.5781162464985994,0.3783783783783784,SVC (RBF),all,TSS
0,0.9721955795662972,0.75,0.8745098039215686,0.4864864864864865,Gaussian Process,all,TSS
1,0.950261049521353,0.7272727272727273,0.8972864145658264,0.5405405405405406,Gaussian Process,all,TSS
2,0.9550528114198956,0.6931818181818182,0.8789740896358543,0.5675675675675675,Gaussian Process,all,TSS
3,0.9611115192477226,0.6704545454545454,0.9095588235294116,0.6216216216216216,Gaussian Process,all,TSS
4,0.9873271723654199,0.7613636363636364,0.9438200280112046,0.5405405405405406,Gaussian Process,all,TSS
0,0.8570657727697473,0.5454545454545454,0.7049019607843137,0.2972972972972973,Decision Tree,all,TSS
1,0.850238314125647,0.48863636363636365,0.7534138655462184,0.24324324324324326,Decision Tree,all,TSS
2,0.818018262072681,0.45454545454545453,0.6919467787114846,0.2972972972972973,Decision Tree,all,TSS
3,0.8118821103228244,0.4318181818181818,0.6971813725490197,0.2972972972972973,Decision Tree,all,TSS
4,0.8000136434238697,0.4090909090909091,0.704875700280112,0.2702702702702703,Decision Tree,all,TSS
0,0.9976433317474311,0.9204545454545454,0.8227766106442577,0.2972972972972973,Random Forest,all,TSS
1,0.9991526124338623,0.9545454545454546,0.7936537114845938,0.4594594594594595,Random Forest,all,TSS
2,0.9932179720624659,0.9090909090909091,0.7695728291316526,0.4594594594594595,Random Forest,all,TSS
3,0.9974685326672544,0.9204545454545454,0.856547619047619,0.5135135135135135,Random Forest,all,TSS
4,0.9992378048780488,0.9659090909090909,0.8860556722689076,0.5945945945945946,Random Forest,all,TSS
0,0.8044875535501148,0.19318181818181818,0.7144957983193277,0.10810810810810811,MLPClassifier,all,TSS
1,0.849894114462755,0.22727272727272727,0.7564600840336135,0.10810810810810811,MLPClassifier,all,TSS
2,0.8313124776982495,0.2840909090909091,0.7779761904761904,0.2702702702702703,MLPClassifier,all,TSS
3,0.8618840562598827,0.3068181818181818,0.8040966386554621,0.24324324324324326,MLPClassifier,all,TSS
4,0.855657921319424,0.3181818181818182,0.7785889355742297,0.24324324324324326,MLPClassifier,all,TSS
0,0.6774394527717269,0.2727272727272727,0.654516806722689,0.21621621621621623,AdaBoostClassifier,all,TSS
1,0.6725900083752223,0.26136363636363635,0.5907563025210084,0.16216216216216217,AdaBoostClassifier,all,TSS
2,0.7650625367322951,0.32954545454545453,0.6912289915966385,0.21621621621621623,AdaBoostClassifier,all,TSS
3,0.6208378811412899,0.19318181818181818,0.5907563025210084,0.16216216216216217,AdaBoostClassifier,all,TSS
4,0.6208378811412899,0.19318181818181818,0.5907563025210084,0.1891891891891892,AdaBoostClassifier,all,TSS
0,1.0,1.0,0.7208070728291316,0.4594594594594595,GaussianNB,all,TSS
1,1.0,1.0,0.7669117647058823,0.5675675675675675,GaussianNB,all,TSS
2,1.0,1.0,0.7875700280112043,0.5675675675675675,GaussianNB,all,TSS
3,1.0,1.0,0.7754026610644258,0.5405405405405406,GaussianNB,all,TSS
4,1.0,1.0,0.732983193277311,0.4594594594594595,GaussianNB,all,TSS
0,1.0,1.0,0.48337710084033614,0.02702702702702703,QuadraticDiscriminantAnalysis,all,TSS
1,1.0,1.0,0.5832720588235294,0.21621621621621623,QuadraticDiscriminantAnalysis,all,TSS
2,1.0,1.0,0.5666491596638656,0.1891891891891892,QuadraticDiscriminantAnalysis,all,TSS
3,1.0,1.0,0.572093837535014,0.1891891891891892,QuadraticDiscriminantAnalysis,all,TSS
4,1.0,1.0,0.5554709383753501,0.16216216216216217,QuadraticDiscriminantAnalysis,all,TSS
0,1.0,1.0,0.9212272408963584,0.6216216216216216,Logistic Regression,all,CSS
1,1.0,1.0,0.9579131652661065,0.7567567567567568,Logistic Regression,all,CSS
2,1.0,1.0,0.8931197478991596,0.6486486486486487,Logistic Regression,all,CSS
3,1.0,1.0,0.9161064425770308,0.6756756756756757,Logistic Regression,all,CSS
4,1.0,1.0,0.9595763305322129,0.7567567567567568,Logistic Regression,all,CSS
0,0.979231082811372,0.5681818181818182,0.7908700980392157,0.35135135135135137,KNeighborsClassifier,all,CSS
1,0.9748727976252021,0.5568181818181818,0.8634103641456583,0.2972972972972973,KNeighborsClassifier,all,CSS
2,0.9780149507000127,0.6136363636363636,0.857545518207283,0.4864864864864865,KNeighborsClassifier,all,CSS
3,0.9795614185837427,0.6022727272727273,0.8101628151260504,0.40540540540540543,KNeighborsClassifier,all,CSS
4,0.9809811873801828,0.6136363636363636,0.8383753501400559,0.43243243243243246,KNeighborsClassifier,all,CSS
0,0.9193437075829449,1.0,0.8680322128851541,0.5945945945945946,SVC (Linear),all,CSS
1,0.9578872173427223,1.0,0.912920168067227,0.7297297297297297,SVC (Linear),all,CSS
2,0.9216597553104404,1.0,0.8663865546218488,0.6756756756756757,SVC (Linear),all,CSS
3,0.9340932217546143,1.0,0.8707983193277311,0.6216216216216216,SVC (Linear),all,CSS
4,0.9394291560842674,1.0,0.8825105042016806,0.7027027027027027,SVC (Linear),all,CSS
0,0.0,1.0,0.5,0.05405405405405406,SVC (RBF),all,CSS
1,0.0,1.0,0.5,0.05405405405405406,SVC (RBF),all,CSS
2,0.0,1.0,0.5,0.05405405405405406,SVC (RBF),all,CSS
3,0.0,1.0,0.5,0.05405405405405406,SVC (RBF),all,CSS
4,0.0,1.0,0.5,0.05405405405405406,SVC (RBF),all,CSS
0,1.0,1.0,0.5,0.05405405405405406,Gaussian Process,all,CSS
1,1.0,1.0,0.5,0.05405405405405406,Gaussian Process,all,CSS
2,1.0,1.0,0.5,0.05405405405405406,Gaussian Process,all,CSS
3,1.0,1.0,0.5,0.05405405405405406,Gaussian Process,all,CSS
4,1.0,1.0,0.5,0.05405405405405406,Gaussian Process,all,CSS
0,0.8274300575317142,0.48863636363636365,0.7603466386554623,0.3783783783783784,Decision Tree,all,CSS
1,0.7859977179656812,0.42045454545454547,0.6769782913165265,0.2702702702702703,Decision Tree,all,CSS
2,0.8973827802499195,0.5227272727272727,0.7935224089635855,0.4594594594594595,Decision Tree,all,CSS
3,0.8170447469319788,0.4431818181818182,0.7596288515406162,0.3783783783783784,Decision Tree,all,CSS
4,0.9327875526496229,0.6363636363636364,0.7910276610644258,0.4594594594594595,Decision Tree,all,CSS
0,0.9971641166064438,0.9318181818181818,0.8732668067226891,0.6216216216216216,Random Forest,all,CSS
1,0.9959006993582796,0.8977272727272727,0.8007615546218487,0.2972972972972973,Random Forest,all,CSS
2,0.9954268292682926,0.9318181818181818,0.8355654761904762,0.43243243243243246,Random Forest,all,CSS
3,0.9965031729706282,0.9204545454545454,0.8083333333333333,0.40540540540540543,Random Forest,all,CSS
4,0.9998493975903615,0.9545454545454546,0.8165441176470588,0.4864864864864865,Random Forest,all,CSS
0,1.0,1.0,0.8386904761904761,0.5675675675675675,MLPClassifier,all,CSS
1,1.0,1.0,0.8893294817927171,0.6486486486486487,MLPClassifier,all,CSS
2,0.9996987951807229,0.9886363636363636,0.8651785714285714,0.7027027027027027,MLPClassifier,all,CSS
3,1.0,1.0,0.8760591736694678,0.6486486486486487,MLPClassifier,all,CSS
4,1.0,1.0,0.9256740196078431,0.7567567567567568,MLPClassifier,all,CSS
0,0.681473579503198,0.2159090909090909,0.6266106442577031,0.13513513513513514,AdaBoostClassifier,all,CSS
1,0.6703854228373035,0.26136363636363635,0.6108718487394957,0.16216216216216217,AdaBoostClassifier,all,CSS
2,0.6590960969312791,0.18181818181818182,0.6195378151260504,0.10810810810810811,AdaBoostClassifier,all,CSS
3,0.6738582159649049,0.14772727272727273,0.6732142857142858,0.13513513513513514,AdaBoostClassifier,all,CSS
4,0.7655317480724292,0.13636363636363635,0.6932072829131652,0.08108108108108109,AdaBoostClassifier,all,CSS
0,0.9934487061032878,0.875,0.8154674369747898,0.5405405405405406,GaussianNB,all,CSS
1,0.9991623903019485,0.9659090909090909,0.8667016806722689,0.7027027027027027,GaussianNB,all,CSS
2,0.9954477972867078,0.8863636363636364,0.8687937675070028,0.6486486486486487,GaussianNB,all,CSS
3,0.9947916666666667,0.8863636363636364,0.8553133753501401,0.6486486486486487,GaussianNB,all,CSS
4,0.9973323170731707,0.9318181818181818,0.8624037114845937,0.5945945945945946,GaussianNB,all,CSS
0,1.0,1.0,0.5165178571428571,0.08108108108108109,QuadraticDiscriminantAnalysis,all,CSS
1,1.0,1.0,0.4834033613445378,0.02702702702702703,QuadraticDiscriminantAnalysis,all,CSS
2,1.0,1.0,0.5112832633053221,0.08108108108108109,QuadraticDiscriminantAnalysis,all,CSS
3,1.0,1.0,0.5330357142857143,0.10810810810810811,QuadraticDiscriminantAnalysis,all,CSS
4,1.0,1.0,0.5,0.05405405405405406,QuadraticDiscriminantAnalysis,all,CSS
0,1.0,1.0,0.9910714285714286,0.8648648648648649,Logistic Regression,all,CLR
1,1.0,1.0,0.9875,0.918918918918919,Logistic Regression,all,CLR
2,1.0,1.0,0.99375,0.8918918918918919,Logistic Regression,all,CLR
3,1.0,1.0,0.99375,0.8918918918918919,Logistic Regression,all,CLR
4,1.0,1.0,0.9919642857142857,0.8918918918918919,Logistic Regression,all,CLR
0,0.9956807408528163,0.8636363636363636,0.8941439075630253,0.7027027027027027,KNeighborsClassifier,all,CLR
1,0.9962511309999968,0.8636363636363636,0.9272058823529412,0.7297297297297297,KNeighborsClassifier,all,CLR
2,0.9955040108167863,0.8409090909090909,0.9336134453781513,0.7027027027027027,KNeighborsClassifier,all,CLR
3,0.9962504361960036,0.8181818181818182,0.9590423669467787,0.6756756756756757,KNeighborsClassifier,all,CLR
4,0.9975364764808362,0.8409090909090909,0.9602415966386555,0.7027027027027027,KNeighborsClassifier,all,CLR
0,1.0,1.0,0.9734943977591036,0.7837837837837838,SVC (Linear),all,CLR
1,1.0,1.0,0.9794642857142858,0.8918918918918919,SVC (Linear),all,CLR
2,1.0,1.0,0.9848214285714286,0.8648648648648649,SVC (Linear),all,CLR
3,1.0,1.0,0.9839285714285715,0.8648648648648649,SVC (Linear),all,CLR
4,1.0,1.0,0.9821428571428572,0.8648648648648649,SVC (Linear),all,CLR
0,0.0,1.0,0.5,0.05405405405405406,SVC (RBF),all,CLR
1,0.0,1.0,0.5,0.05405405405405406,SVC (RBF),all,CLR
2,0.0,1.0,0.5,0.05405405405405406,SVC (RBF),all,CLR
3,0.0,1.0,0.5,0.05405405405405406,SVC (RBF),all,CLR
4,0.0,1.0,0.5,0.05405405405405406,SVC (RBF),all,CLR
0,1.0,1.0,0.5,0.05405405405405406,Gaussian Process,all,CLR
1,1.0,1.0,0.5,0.05405405405405406,Gaussian Process,all,CLR
2,1.0,1.0,0.5,0.05405405405405406,Gaussian Process,all,CLR
3,1.0,1.0,0.5,0.05405405405405406,Gaussian Process,all,CLR
4,1.0,1.0,0.5,0.05405405405405406,Gaussian Process,all,CLR
0,0.8613947522895816,0.5227272727272727,0.6851365546218487,0.2972972972972973,Decision Tree,all,CLR
1,0.7767229916245185,0.4090909090909091,0.6274334733893556,0.1891891891891892,Decision Tree,all,CLR
2,0.8561499919538782,0.4659090909090909,0.751811974789916,0.40540540540540543,Decision Tree,all,CLR
3,0.84086911124463,0.48863636363636365,0.724641106442577,0.35135135135135137,Decision Tree,all,CLR
4,0.7719339903166673,0.3977272727272727,0.7206495098039216,0.32432432432432434,Decision Tree,all,CLR
0,0.9970553089244318,0.9204545454545454,0.7674369747899159,0.2972972972972973,Random Forest,all,CLR
1,0.9971232393763984,0.9318181818181818,0.8336046918767507,0.32432432432432434,Random Forest,all,CLR
2,0.9998729674796748,0.9886363636363636,0.8396008403361345,0.4864864864864865,Random Forest,all,CLR
3,0.9974540365293929,0.9204545454545454,0.8923494397759103,0.5945945945945946,Random Forest,all,CLR
4,0.9979711310398388,0.9431818181818182,0.8797268907563025,0.4864864864864865,Random Forest,all,CLR
0,1.0,1.0,0.9904586834733894,0.8918918918918919,MLPClassifier,all,CLR
1,1.0,1.0,0.9928571428571429,0.918918918918919,MLPClassifier,all,CLR
2,1.0,1.0,0.99375,0.918918918918919,MLPClassifier,all,CLR
3,1.0,1.0,0.9919642857142857,0.918918918918919,MLPClassifier,all,CLR
4,1.0,1.0,0.9946428571428572,0.8918918918918919,MLPClassifier,all,CLR
0,0.681473579503198,0.2159090909090909,0.6516806722689075,0.13513513513513514,AdaBoostClassifier,all,CLR
1,0.5709822124995012,0.1590909090909091,0.5603466386554622,0.08108108108108109,AdaBoostClassifier,all,CLR
2,0.6590960969312791,0.18181818181818182,0.6466036414565826,0.13513513513513514,AdaBoostClassifier,all,CLR
3,0.748950811958636,0.18181818181818182,0.7237920168067227,0.16216216216216217,AdaBoostClassifier,all,CLR
4,0.6738517659488128,0.13636363636363635,0.6429096638655463,0.08108108108108109,AdaBoostClassifier,all,CLR
0,1.0,0.9886363636363636,0.8078518907563025,0.43243243243243246,GaussianNB,all,CLR
1,1.0,1.0,0.807484243697479,0.5945945945945946,GaussianNB,all,CLR
2,0.999242396414928,0.9772727272727273,0.8689775910364146,0.5945945945945946,GaussianNB,all,CLR
3,1.0,0.9886363636363636,0.8401348039215686,0.4594594594594595,GaussianNB,all,CLR
4,1.0,1.0,0.8246498599439775,0.5135135135135135,GaussianNB,all,CLR
0,1.0,1.0,0.6268294817927171,0.2702702702702703,QuadraticDiscriminantAnalysis,all,CLR
1,1.0,1.0,0.5553658963585434,0.16216216216216217,QuadraticDiscriminantAnalysis,all,CLR
2,1.0,1.0,0.6275647759103641,0.2972972972972973,QuadraticDiscriminantAnalysis,all,CLR
3,1.0,1.0,0.5275122549019607,0.10810810810810811,QuadraticDiscriminantAnalysis,all,CLR
4,1.0,1.0,0.5222514005602241,0.10810810810810811,QuadraticDiscriminantAnalysis,all,CLR
0,1.0,1.0,0.9910714285714286,0.8648648648648649,Logistic Regression,all,ILR
1,1.0,1.0,0.9875,0.918918918918919,Logistic Regression,all,ILR
2,1.0,1.0,0.99375,0.8918918918918919,Logistic Regression,all,ILR
3,1.0,1.0,0.99375,0.8918918918918919,Logistic Regression,all,ILR
4,1.0,1.0,0.9919642857142857,0.8918918918918919,Logistic Regression,all,ILR
0,0.9956807408528163,0.8636363636363636,0.8941439075630253,0.7027027027027027,KNeighborsClassifier,all,ILR
1,0.9962511309999968,0.8636363636363636,0.9272058823529412,0.7297297297297297,KNeighborsClassifier,all,ILR
2,0.9955040108167863,0.8409090909090909,0.9336134453781513,0.7027027027027027,KNeighborsClassifier,all,ILR
3,0.9962504361960036,0.8181818181818182,0.9590423669467787,0.6756756756756757,KNeighborsClassifier,all,ILR
4,0.9975364764808362,0.8409090909090909,0.9602415966386555,0.7027027027027027,KNeighborsClassifier,all,ILR
0,1.0,1.0,0.976453081232493,0.7837837837837838,SVC (Linear),all,ILR
1,1.0,1.0,0.9794642857142858,0.8918918918918919,SVC (Linear),all,ILR
2,1.0,1.0,0.9848214285714286,0.8648648648648649,SVC (Linear),all,ILR
3,1.0,1.0,0.9839285714285715,0.8648648648648649,SVC (Linear),all,ILR
4,1.0,1.0,0.9839285714285715,0.8648648648648649,SVC (Linear),all,ILR
0,0.0,1.0,0.5,0.05405405405405406,SVC (RBF),all,ILR
1,0.0,1.0,0.5,0.05405405405405406,SVC (RBF),all,ILR
2,0.0,1.0,0.5,0.05405405405405406,SVC (RBF),all,ILR
3,0.0,1.0,0.5,0.05405405405405406,SVC (RBF),all,ILR
4,0.0,1.0,0.5,0.05405405405405406,SVC (RBF),all,ILR
0,1.0,1.0,0.5,0.05405405405405406,Gaussian Process,all,ILR
1,1.0,1.0,0.5,0.05405405405405406,Gaussian Process,all,ILR
2,1.0,1.0,0.5,0.05405405405405406,Gaussian Process,all,ILR
3,1.0,1.0,0.5,0.05405405405405406,Gaussian Process,all,ILR
4,1.0,1.0,0.5,0.05405405405405406,Gaussian Process,all,ILR
0,0.8663302373903927,0.4659090909090909,0.6998074229691876,0.1891891891891892,Decision Tree,all,ILR
1,0.7883724322943471,0.42045454545454547,0.5722426470588236,0.10810810810810811,Decision Tree,all,ILR
2,0.7823355705050166,0.375,0.6235994397759103,0.16216216216216217,Decision Tree,all,ILR
3,0.8284114244434182,0.4772727272727273,0.6396358543417366,0.21621621621621623,Decision Tree,all,ILR
4,0.8607966819368065,0.38636363636363635,0.7485119047619048,0.2972972972972973,Decision Tree,all,ILR
0,0.997448736826905,0.8977272727272727,0.7649772408963585,0.43243243243243246,Random Forest,all,ILR
1,0.9926554116193772,0.8863636363636364,0.859733893557423,0.5405405405405406,Random Forest,all,ILR
2,0.9996987951807229,0.9545454545454546,0.8551820728291317,0.32432432432432434,Random Forest,all,ILR
3,0.9920526072058268,0.875,0.7901435574229692,0.2702702702702703,Random Forest,all,ILR
4,0.9974593495934959,0.9431818181818182,0.8695728291316527,0.5135135135135135,Random Forest,all,ILR
0,1.0,1.0,0.9901785714285715,0.8918918918918919,MLPClassifier,all,ILR
1,1.0,1.0,0.99375,0.918918918918919,MLPClassifier,all,ILR
2,1.0,1.0,0.9946428571428572,0.918918918918919,MLPClassifier,all,ILR
3,1.0,1.0,0.98125,0.918918918918919,MLPClassifier,all,ILR
4,1.0,1.0,0.9946428571428572,0.918918918918919,MLPClassifier,all,ILR
0,0.672588259218316,0.26136363636363635,0.517156862745098,0.08108108108108109,AdaBoostClassifier,all,ILR
1,0.5709822124995012,0.1590909090909091,0.5582983193277311,0.10810810810810811,AdaBoostClassifier,all,ILR
2,0.62083788114129,0.19318181818181818,0.49432773109243694,0.05405405405405406,AdaBoostClassifier,all,ILR
3,0.6810499839077564,0.14772727272727273,0.6114145658263305,0.08108108108108109,AdaBoostClassifier,all,ILR
4,0.7240297207995746,0.25,0.6199404761904762,0.1891891891891892,AdaBoostClassifier,all,ILR
0,1.0,0.9659090909090909,0.7899334733893557,0.35135135135135137,GaussianNB,all,ILR
1,1.0,0.9886363636363636,0.8085346638655462,0.5135135135135135,GaussianNB,all,ILR
2,0.9996189024390244,0.9886363636363636,0.8648021708683473,0.5945945945945946,GaussianNB,all,ILR
3,0.9996234939759037,0.9886363636363636,0.8489320728291316,0.3783783783783784,GaussianNB,all,ILR
4,1.0,1.0,0.8078518907563026,0.40540540540540543,GaussianNB,all,ILR
0,1.0,1.0,0.4831670168067227,0.02702702702702703,QuadraticDiscriminantAnalysis,all,ILR
1,1.0,1.0,0.4998424369747899,0.05405405405405406,QuadraticDiscriminantAnalysis,all,ILR
2,1.0,1.0,0.4945553221288515,0.05405405405405406,QuadraticDiscriminantAnalysis,all,ILR
3,1.0,1.0,0.5554971988795518,0.16216216216216217,QuadraticDiscriminantAnalysis,all,ILR
4,1.0,1.0,0.5388217787114846,0.13513513513513514,QuadraticDiscriminantAnalysis,all,ILR
0,0.8750955254266518,0.3181818181818182,0.6956407563025211,0.10810810810810811,Logistic Regression,non_microbial,TSS
1,0.8492964846383858,0.36363636363636365,0.7115021008403362,0.16216216216216217,Logistic Regression,non_microbial,TSS
2,0.8510134943082435,0.38636363636363635,0.7442051820728292,0.21621621621621623,Logistic Regression,non_microbial,TSS
3,0.8454792821110224,0.36363636363636365,0.761204481792717,0.1891891891891892,Logistic Regression,non_microbial,TSS
4,0.8593509162958453,0.375,0.7935224089635855,0.1891891891891892,Logistic Regression,non_microbial,TSS
0,0.9662654517767806,0.5681818181818182,0.6161327030812325,0.1891891891891892,KNeighborsClassifier,non_microbial,TSS
1,0.9650678981816412,0.5909090909090909,0.6139180672268908,0.21621621621621623,KNeighborsClassifier,non_microbial,TSS
2,0.9706819219386256,0.5909090909090909,0.689093137254902,0.24324324324324326,KNeighborsClassifier,non_microbial,TSS
3,0.9681068568699887,0.5227272727272727,0.6951943277310925,0.2972972972972973,KNeighborsClassifier,non_microbial,TSS
4,0.9651342521654562,0.5340909090909091,0.6563988095238096,0.24324324324324326,KNeighborsClassifier,non_microbial,TSS
0,0.7570180928579462,0.23863636363636365,0.5936974789915966,0.10810810810810811,SVC (Linear),non_microbial,TSS
1,0.6012107243012572,0.19318181818181818,0.5754551820728292,0.10810810810810811,SVC (Linear),non_microbial,TSS
2,0.19448253598015758,0.29545454545454547,0.2819152661064426,0.1891891891891892,SVC (Linear),non_microbial,TSS
3,0.5087617346563956,0.3181818181818182,0.5172794117647059,0.24324324324324326,SVC (Linear),non_microbial,TSS
4,0.16211173089570827,0.2840909090909091,0.25323879551820727,0.16216216216216217,SVC (Linear),non_microbial,TSS
0,0.2055137081912629,0.29545454545454547,0.4139705882352941,0.10810810810810811,SVC (RBF),non_microbial,TSS
1,0.3543684833377904,0.29545454545454547,0.4126925770308123,0.05405405405405406,SVC (RBF),non_microbial,TSS
2,0.2403906020423156,0.3409090909090909,0.28413865546218486,0.16216216216216217,SVC (RBF),non_microbial,TSS
3,0.2895119240026307,0.36363636363636365,0.25449929971988794,0.21621621621621623,SVC (RBF),non_microbial,TSS
4,0.3636034228376922,0.3181818181818182,0.3709558823529412,0.1891891891891892,SVC (RBF),non_microbial,TSS
0,0.8142283581350825,0.375,0.6755077030812324,0.10810810810810811,Gaussian Process,non_microbial,TSS
1,0.7920495105502666,0.38636363636363635,0.6755427170868347,0.16216216216216217,Gaussian Process,non_microbial,TSS
2,0.7688553211102249,0.3181818181818182,0.6843487394957983,0.1891891891891892,Gaussian Process,non_microbial,TSS
3,0.7682564535144061,0.2727272727272727,0.6915966386554622,0.16216216216216217,Gaussian Process,non_microbial,TSS
4,0.8101923810223473,0.3522727272727273,0.7276960784313725,0.13513513513513514,Gaussian Process,non_microbial,TSS
0,0.9772053823760651,0.8068181818181818,0.6645658263305322,0.35135135135135137,Decision Tree,non_microbial,TSS
1,0.9552842712393645,0.6931818181818182,0.7068014705882353,0.2972972972972973,Decision Tree,non_microbial,TSS
2,0.9282086151662399,0.6477272727272727,0.65328256302521,0.2972972972972973,Decision Tree,non_microbial,TSS
3,0.916155235051705,0.5681818181818182,0.6049107142857143,0.1891891891891892,Decision Tree,non_microbial,TSS
4,0.9308935491530582,0.6136363636363636,0.6810311624649861,0.2972972972972973,Decision Tree,non_microbial,TSS
0,0.9937638948651749,0.9204545454545454,0.6969800420168067,0.16216216216216217,Random Forest,non_microbial,TSS
1,0.9920619983968653,0.875,0.6522934173669468,0.24324324324324326,Random Forest,non_microbial,TSS
2,0.9973413908246225,0.9204545454545454,0.7761204481792717,0.1891891891891892,Random Forest,non_microbial,TSS
3,0.991146008249024,0.8522727272727273,0.7094362745098038,0.2972972972972973,Random Forest,non_microbial,TSS
4,0.996162797968879,0.8636363636363636,0.7800245098039216,0.43243243243243246,Random Forest,non_microbial,TSS
0,0.8281169789818714,0.3068181818181818,0.6726890756302522,0.10810810810810811,MLPClassifier,non_microbial,TSS
1,0.8188249068347205,0.3409090909090909,0.6941176470588235,0.13513513513513514,MLPClassifier,non_microbial,TSS
2,0.8001845469858528,0.3409090909090909,0.7108543417366946,0.16216216216216217,MLPClassifier,non_microbial,TSS
3,0.7781978414529197,0.2840909090909091,0.705672268907563,0.13513513513513514,MLPClassifier,non_microbial,TSS
4,0.7787481699445867,0.3409090909090909,0.6929621848739496,0.13513513513513514,MLPClassifier,non_microbial,TSS
0,0.7079804692702931,0.19318181818181818,0.6162289915966386,0.08108108108108109,AdaBoostClassifier,non_microbial,TSS
1,0.7740301078815196,0.18181818181818182,0.654359243697479,0.08108108108108109,AdaBoostClassifier,non_microbial,TSS
2,0.7830248749790101,0.22727272727272727,0.6813200280112044,0.13513513513513514,AdaBoostClassifier,non_microbial,TSS
3,0.629989770711767,0.11363636363636363,0.5590686274509804,0.08108108108108109,AdaBoostClassifier,non_microbial,TSS
4,0.7016753424849222,0.11363636363636363,0.6599089635854343,0.10810810810810811,AdaBoostClassifier,non_microbial,TSS
0,0.998420159052781,0.9318181818181818,0.7244397759103641,0.2972972972972973,GaussianNB,non_microbial,TSS
1,0.9981790325095712,0.9545454545454546,0.7935224089635854,0.3783783783783784,GaussianNB,non_microbial,TSS
2,0.9984212219085401,0.9431818181818182,0.7904411764705883,0.3783783783783784,GaussianNB,non_microbial,TSS
3,0.9991362772518646,0.9204545454545454,0.7972338935574229,0.4594594594594595,GaussianNB,non_microbial,TSS
4,0.9991107723577236,0.9431818181818182,0.7651960784313725,0.40540540540540543,GaussianNB,non_microbial,TSS
0,1.0,1.0,0.516281512605042,0.08108108108108109,QuadraticDiscriminantAnalysis,non_microbial,TSS
1,1.0,1.0,0.5224614845938375,0.10810810810810811,QuadraticDiscriminantAnalysis,non_microbial,TSS
2,1.0,1.0,0.4997373949579832,0.05405405405405406,QuadraticDiscriminantAnalysis,non_microbial,TSS
3,1.0,1.0,0.505969887955182,0.08108108108108109,QuadraticDiscriminantAnalysis,non_microbial,TSS
4,1.0,1.0,0.5719100140056022,0.1891891891891892,QuadraticDiscriminantAnalysis,non_microbial,TSS
0,1.0,1.0,0.7427696078431372,0.32432432432432434,Logistic Regression,non_microbial,CSS
1,1.0,1.0,0.7486344537815126,0.32432432432432434,Logistic Regression,non_microbial,CSS
2,1.0,1.0,0.7856617647058823,0.43243243243243246,Logistic Regression,non_microbial,CSS
3,1.0,1.0,0.7883228291316526,0.32432432432432434,Logistic Regression,non_microbial,CSS
4,1.0,1.0,0.7837710084033613,0.4864864864864865,Logistic Regression,non_microbial,CSS
0,0.9651446807037156,0.5340909090909091,0.6276698179271709,0.13513513513513514,KNeighborsClassifier,non_microbial,CSS
1,0.9621935086374016,0.48863636363636365,0.6603991596638655,0.16216216216216217,KNeighborsClassifier,non_microbial,CSS
2,0.9678355298371185,0.5227272727272727,0.6924982492997198,0.1891891891891892,KNeighborsClassifier,non_microbial,CSS
3,0.9640503870884234,0.5,0.6851890756302521,0.24324324324324326,KNeighborsClassifier,non_microbial,CSS
4,0.9673178176556401,0.5568181818181818,0.6871323529411764,0.24324324324324326,KNeighborsClassifier,non_microbial,CSS
0,0.9480526947932393,1.0,0.6822128851540616,0.2702702702702703,SVC (Linear),non_microbial,CSS
1,0.9448302890229131,1.0,0.7468837535014006,0.24324324324324326,SVC (Linear),non_microbial,CSS
2,0.8986354280361866,1.0,0.7898634453781512,0.35135135135135137,SVC (Linear),non_microbial,CSS
3,0.912679616549823,1.0,0.7374124649859943,0.4594594594594595,SVC (Linear),non_microbial,CSS
4,0.8953161622972727,1.0,0.7379726890756302,0.35135135135135137,SVC (Linear),non_microbial,CSS
0,0.0,1.0,0.5,0.05405405405405406,SVC (RBF),non_microbial,CSS
1,0.0,1.0,0.5,0.05405405405405406,SVC (RBF),non_microbial,CSS
2,0.0,1.0,0.5,0.05405405405405406,SVC (RBF),non_microbial,CSS
3,0.0,1.0,0.5,0.05405405405405406,SVC (RBF),non_microbial,CSS
4,0.0,1.0,0.5,0.05405405405405406,SVC (RBF),non_microbial,CSS
0,1.0,1.0,0.5,0.05405405405405406,Gaussian Process,non_microbial,CSS
1,1.0,1.0,0.5,0.05405405405405406,Gaussian Process,non_microbial,CSS
2,1.0,1.0,0.5,0.05405405405405406,Gaussian Process,non_microbial,CSS
3,1.0,1.0,0.5,0.05405405405405406,Gaussian Process,non_microbial,CSS
4,1.0,1.0,0.5,0.05405405405405406,Gaussian Process,non_microbial,CSS
0,0.9542621544378572,0.6704545454545454,0.7291228991596638,0.32432432432432434,Decision Tree,non_microbial,CSS
1,0.955629855044128,0.7386363636363636,0.7229954481792716,0.3783783783783784,Decision Tree,non_microbial,CSS
2,0.9386714322446581,0.6818181818181818,0.7099702380952381,0.32432432432432434,Decision Tree,non_microbial,CSS
3,0.9433712419363867,0.6818181818181818,0.7611782212885154,0.40540540540540543,Decision Tree,non_microbial,CSS
4,0.9188318386787568,0.6477272727272727,0.7287552521008402,0.35135135135135137,Decision Tree,non_microbial,CSS
0,0.9952619173785088,0.9545454545454546,0.6940563725490195,0.1891891891891892,Random Forest,non_microbial,CSS
1,0.9969389397828765,0.9431818181818182,0.7272321428571429,0.2972972972972973,Random Forest,non_microbial,CSS
2,0.9955756606565636,0.8977272727272727,0.7430847338935574,0.2702702702702703,Random Forest,non_microbial,CSS
3,0.9955040654779396,0.8863636363636364,0.6515406162464985,0.24324324324324326,Random Forest,non_microbial,CSS
4,0.9955720092915215,0.9090909090909091,0.7065388655462186,0.32432432432432434,Random Forest,non_microbial,CSS
0,1.0,1.0,0.6575805322128851,0.21621621621621623,MLPClassifier,non_microbial,CSS
1,0.9932482980703301,0.9886363636363636,0.674343487394958,0.21621621621621623,MLPClassifier,non_microbial,CSS
2,1.0,1.0,0.7227678571428572,0.1891891891891892,MLPClassifier,non_microbial,CSS
3,0.9962349397590362,0.9886363636363636,0.6119397759103642,0.16216216216216217,MLPClassifier,non_microbial,CSS
4,1.0,1.0,0.6996936274509804,0.1891891891891892,MLPClassifier,non_microbial,CSS
0,0.660431706986677,0.23863636363636365,0.6044992997198879,0.16216216216216217,AdaBoostClassifier,non_microbial,CSS
1,0.7743844619671096,0.19318181818181818,0.6670868347338935,0.13513513513513514,AdaBoostClassifier,non_microbial,CSS
2,0.6518707451758252,0.09090909090909091,0.6683823529411764,0.05405405405405406,AdaBoostClassifier,non_microbial,CSS
3,0.6620334779886096,0.10227272727272728,0.6646183473389355,0.05405405405405406,AdaBoostClassifier,non_microbial,CSS
4,0.5653296985852819,0.13636363636363635,0.5519957983193278,0.10810810810810811,AdaBoostClassifier,non_microbial,CSS
0,0.998796774399184,0.9090909090909091,0.7476540616246499,0.40540540540540543,GaussianNB,non_microbial,CSS
1,0.9992667064567471,0.9431818181818182,0.7753676470588236,0.3783783783783784,GaussianNB,non_microbial,CSS
2,0.9987931910569106,0.9318181818181818,0.8087009803921568,0.4864864864864865,GaussianNB,non_microbial,CSS
3,0.9988095675384465,0.9431818181818182,0.7799194677871149,0.43243243243243246,GaussianNB,non_microbial,CSS
4,0.999047256097561,0.9431818181818182,0.7365196078431373,0.40540540540540543,GaussianNB,non_microbial,CSS
0,1.0,1.0,0.5111519607843137,0.08108108108108109,QuadraticDiscriminantAnalysis,non_microbial,CSS
1,1.0,1.0,0.511204481792717,0.08108108108108109,QuadraticDiscriminantAnalysis,non_microbial,CSS
2,1.0,1.0,0.5276960784313726,0.10810810810810811,QuadraticDiscriminantAnalysis,non_microbial,CSS
3,1.0,1.0,0.46672794117647054,0.0,QuadraticDiscriminantAnalysis,non_microbial,CSS
4,1.0,1.0,0.49973739495798314,0.05405405405405406,QuadraticDiscriminantAnalysis,non_microbial,CSS
0,1.0,1.0,0.8663865546218488,0.5405405405405406,Logistic Regression,non_microbial,CLR
1,1.0,1.0,0.8879376750700281,0.5945945945945946,Logistic Regression,non_microbial,CLR
2,1.0,1.0,0.9096813725490196,0.6756756756756757,Logistic Regression,non_microbial,CLR
3,1.0,1.0,0.8916491596638656,0.6486486486486487,Logistic Regression,non_microbial,CLR
4,1.0,1.0,0.8810049019607843,0.5675675675675675,Logistic Regression,non_microbial,CLR
0,0.9819368637522732,0.7045454545454546,0.8308298319327732,0.5135135135135135,KNeighborsClassifier,non_microbial,CLR
1,0.978980273146075,0.6931818181818182,0.7914478291316527,0.5135135135135135,KNeighborsClassifier,non_microbial,CLR
2,0.9806470656143738,0.7045454545454546,0.8176908263305322,0.5135135135135135,KNeighborsClassifier,non_microbial,CLR
3,0.9812003458083204,0.7045454545454546,0.8008578431372549,0.5405405405405406,KNeighborsClassifier,non_microbial,CLR
4,0.9810920675297007,0.6590909090909091,0.7849002100840337,0.5135135135135135,KNeighborsClassifier,non_microbial,CLR
0,0.9990963855421686,1.0,0.8643207282913166,0.5675675675675675,SVC (Linear),non_microbial,CLR
1,0.9964299829010195,1.0,0.8772584033613445,0.5675675675675675,SVC (Linear),non_microbial,CLR
2,0.9874957036333487,1.0,0.8910364145658263,0.7297297297297297,SVC (Linear),non_microbial,CLR
3,0.9641450711382114,0.9886363636363636,0.8547093837535014,0.5945945945945946,SVC (Linear),non_microbial,CLR
4,0.9941973359465737,0.9886363636363636,0.8563375350140056,0.5675675675675675,SVC (Linear),non_microbial,CLR
0,0.0,1.0,0.5,0.08108108108108109,SVC (RBF),non_microbial,CLR
1,0.0,1.0,0.4549894957983193,0.10810810810810811,SVC (RBF),non_microbial,CLR
2,0.0,1.0,0.44768907563025206,0.32432432432432434,SVC (RBF),non_microbial,CLR
3,0.0,1.0,0.44768907563025206,0.2702702702702703,SVC (RBF),non_microbial,CLR
4,0.0,1.0,0.44768907563025206,0.32432432432432434,SVC (RBF),non_microbial,CLR
0,0.8778342702821869,0.48863636363636365,0.7679096638655463,0.2972972972972973,Gaussian Process,non_microbial,CLR
1,0.9620155183581143,0.3409090909090909,0.8132177871148458,0.08108108108108109,Gaussian Process,non_microbial,CLR
2,0.5663553386017939,0.11363636363636363,0.5096288515406162,0.13513513513513514,Gaussian Process,non_microbial,CLR
3,0.5621492940402726,0.125,0.48998599439775914,0.08108108108108109,Gaussian Process,non_microbial,CLR
4,0.9964657738095238,0.9431818181818182,0.8506477591036414,0.5405405405405406,Gaussian Process,non_microbial,CLR
0,0.8908457103999945,0.5340909090909091,0.6422268907563025,0.13513513513513514,Decision Tree,non_microbial,CLR
1,0.9067335993703813,0.625,0.6429271708683473,0.2702702702702703,Decision Tree,non_microbial,CLR
2,0.9097401365042049,0.5454545454545454,0.716482843137255,0.35135135135135137,Decision Tree,non_microbial,CLR
3,0.9229594991464114,0.5454545454545454,0.6366334033613446,0.2972972972972973,Decision Tree,non_microbial,CLR
4,0.9503592276335306,0.6818181818181818,0.7357055322128851,0.43243243243243246,Decision Tree,non_microbial,CLR
0,0.9945209077048937,0.8863636363636364,0.7371936274509804,0.32432432432432434,Random Forest,non_microbial,CLR
1,0.9944867064237075,0.8522727272727273,0.7399247198879552,0.21621621621621623,Random Forest,non_microbial,CLR
2,0.9938192228845697,0.8863636363636364,0.788874299719888,0.40540540540540543,Random Forest,non_microbial,CLR
3,0.9928356610238864,0.8977272727272727,0.7743785014005602,0.3783783783783784,Random Forest,non_microbial,CLR
4,0.9977224883855982,0.875,0.6396796218487395,0.2702702702702703,Random Forest,non_microbial,CLR
0,1.0,1.0,0.8550595238095238,0.5675675675675675,MLPClassifier,non_microbial,CLR
1,1.0,1.0,0.8808998599439776,0.5675675675675675,MLPClassifier,non_microbial,CLR
2,1.0,1.0,0.9048844537815126,0.7297297297297297,MLPClassifier,non_microbial,CLR
3,1.0,1.0,0.8777135854341737,0.6216216216216216,MLPClassifier,non_microbial,CLR
4,1.0,1.0,0.8720238095238095,0.6486486486486487,MLPClassifier,non_microbial,CLR
0,0.6208453191071163,0.20454545454545456,0.5788865546218487,0.13513513513513514,AdaBoostClassifier,non_microbial,CLR
1,0.5653344115913908,0.14772727272727273,0.550656512605042,0.10810810810810811,AdaBoostClassifier,non_microbial,CLR
2,0.6063245796775953,0.18181818181818182,0.5161764705882352,0.08108108108108109,AdaBoostClassifier,non_microbial,CLR
3,0.5873238161706058,0.09090909090909091,0.5220763305322128,0.08108108108108109,AdaBoostClassifier,non_microbial,CLR
4,0.708923039719855,0.17045454545454544,0.6454306722689076,0.10810810810810811,AdaBoostClassifier,non_microbial,CLR
0,0.9833229420456377,0.7727272727272727,0.760828081232493,0.2972972972972973,GaussianNB,non_microbial,CLR
1,0.9851014467276772,0.7613636363636364,0.7735556722689076,0.40540540540540543,GaussianNB,non_microbial,CLR
2,0.9820053078166324,0.7613636363636364,0.8223476890756303,0.43243243243243246,GaussianNB,non_microbial,CLR
3,0.9826548572338133,0.8181818181818182,0.7960346638655462,0.40540540540540543,GaussianNB,non_microbial,CLR
4,0.9846146782250955,0.7727272727272727,0.7881390056022409,0.43243243243243246,GaussianNB,non_microbial,CLR
0,1.0,1.0,0.5162289915966386,0.08108108108108109,QuadraticDiscriminantAnalysis,non_microbial,CLR
1,1.0,1.0,0.5110994397759103,0.08108108108108109,QuadraticDiscriminantAnalysis,non_microbial,CLR
2,1.0,1.0,0.47814250700280114,0.02702702702702703,QuadraticDiscriminantAnalysis,non_microbial,CLR
3,1.0,1.0,0.5442401960784313,0.13513513513513514,QuadraticDiscriminantAnalysis,non_microbial,CLR
4,1.0,1.0,0.538874299719888,0.13513513513513514,QuadraticDiscriminantAnalysis,non_microbial,CLR
0,1.0,1.0,0.8663865546218488,0.5405405405405406,Logistic Regression,non_microbial,ILR
1,1.0,1.0,0.8879376750700281,0.5945945945945946,Logistic Regression,non_microbial,ILR
2,1.0,1.0,0.9096813725490196,0.6756756756756757,Logistic Regression,non_microbial,ILR
3,1.0,1.0,0.8916491596638656,0.6486486486486487,Logistic Regression,non_microbial,ILR
4,1.0,1.0,0.8810049019607843,0.5675675675675675,Logistic Regression,non_microbial,ILR
0,0.9819368637522732,0.7045454545454546,0.8308298319327732,0.5135135135135135,KNeighborsClassifier,non_microbial,ILR
1,0.978980273146075,0.6931818181818182,0.7914478291316527,0.5135135135135135,KNeighborsClassifier,non_microbial,ILR
2,0.9806470656143738,0.7045454545454546,0.8176908263305322,0.5135135135135135,KNeighborsClassifier,non_microbial,ILR
3,0.9812003458083204,0.7045454545454546,0.8008578431372549,0.5405405405405406,KNeighborsClassifier,non_microbial,ILR
4,0.9810920675297007,0.6590909090909091,0.7849002100840337,0.5135135135135135,KNeighborsClassifier,non_microbial,ILR
0,0.9992469879518072,1.0,0.866439075630252,0.5675675675675675,SVC (Linear),non_microbial,ILR
1,0.9889215467010641,1.0,0.8701155462184874,0.5675675675675675,SVC (Linear),non_microbial,ILR
2,0.9847570923939661,1.0,0.8871848739495798,0.7297297297297297,SVC (Linear),non_microbial,ILR
3,0.9978767421602788,0.9886363636363636,0.8740721288515406,0.5945945945945946,SVC (Linear),non_microbial,ILR
4,0.9953814605110336,0.9886363636363636,0.8671043417366946,0.5675675675675675,SVC (Linear),non_microbial,ILR
0,0.0,1.0,0.5,0.08108108108108109,SVC (RBF),non_microbial,ILR
1,0.0,1.0,0.44768907563025206,0.10810810810810811,SVC (RBF),non_microbial,ILR
2,0.0,1.0,0.44768907563025206,0.32432432432432434,SVC (RBF),non_microbial,ILR
3,0.0,1.0,0.44768907563025206,0.2702702702702703,SVC (RBF),non_microbial,ILR
4,0.0,1.0,0.44768907563025206,0.32432432432432434,SVC (RBF),non_microbial,ILR
0,0.8778342702821869,0.48863636363636365,0.7679096638655463,0.2972972972972973,Gaussian Process,non_microbial,ILR
1,0.9620155183581143,0.3409090909090909,0.8132177871148458,0.08108108108108109,Gaussian Process,non_microbial,ILR
2,0.5663553386017939,0.11363636363636363,0.5096288515406162,0.13513513513513514,Gaussian Process,non_microbial,ILR
3,0.5621492940402726,0.125,0.48998599439775914,0.08108108108108109,Gaussian Process,non_microbial,ILR
4,0.9964657738095238,0.9431818181818182,0.8506477591036414,0.5405405405405406,Gaussian Process,non_microbial,ILR
0,0.9252816215500795,0.6477272727272727,0.5857580532212885,0.1891891891891892,Decision Tree,non_microbial,ILR
1,0.9266589336115918,0.625,0.6445815826330532,0.2972972972972973,Decision Tree,non_microbial,ILR
2,0.9066801832766607,0.5795454545454546,0.6699054621848739,0.2702702702702703,Decision Tree,non_microbial,ILR
3,0.9390987184801924,0.6704545454545454,0.6160451680672269,0.2702702702702703,Decision Tree,non_microbial,ILR
4,0.9341573830163861,0.6818181818181818,0.639627100840336,0.35135135135135137,Decision Tree,non_microbial,ILR
0,0.994275967027874,0.8863636363636364,0.6902485994397759,0.21621621621621623,Random Forest,non_microbial,ILR
1,0.9942861277264821,0.9318181818181818,0.6750700280112044,0.35135135135135137,Random Forest,non_microbial,ILR
2,0.9928829647859732,0.8522727272727273,0.7888305322128852,0.3783783783783784,Random Forest,non_microbial,ILR
3,0.98610785695045,0.8181818181818182,0.6658000700280111,0.24324324324324326,Random Forest,non_microbial,ILR
4,0.9940450718378742,0.875,0.6877538515406163,0.24324324324324326,Random Forest,non_microbial,ILR
0,1.0,1.0,0.8642156862745098,0.5675675675675675,MLPClassifier,non_microbial,ILR
1,1.0,1.0,0.891281512605042,0.5945945945945946,MLPClassifier,non_microbial,ILR
2,1.0,1.0,0.9022584033613446,0.6756756756756757,MLPClassifier,non_microbial,ILR
3,1.0,1.0,0.8778186274509805,0.6756756756756757,MLPClassifier,non_microbial,ILR
4,1.0,1.0,0.8842436974789916,0.5945945945945946,MLPClassifier,non_microbial,ILR
0,0.679366928126754,0.14772727272727273,0.6115196078431373,0.13513513513513514,AdaBoostClassifier,non_microbial,ILR
1,0.6743925779336859,0.14772727272727273,0.6220763305322128,0.05405405405405406,AdaBoostClassifier,non_microbial,ILR
2,0.6911346605935939,0.20454545454545456,0.5082983193277311,0.10810810810810811,AdaBoostClassifier,non_microbial,ILR
3,0.6680762247596659,0.14772727272727273,0.5373249299719888,0.10810810810810811,AdaBoostClassifier,non_microbial,ILR
4,0.689537680338077,0.18181818181818182,0.6157913165266107,0.05405405405405406,AdaBoostClassifier,non_microbial,ILR
0,0.9685389241344006,0.6704545454545454,0.747172619047619,0.32432432432432434,GaussianNB,non_microbial,ILR
1,0.9646575737068808,0.75,0.7671130952380953,0.35135135135135137,GaussianNB,non_microbial,ILR
2,0.9560535915438759,0.7045454545454546,0.7607317927170869,0.3783783783783784,GaussianNB,non_microbial,ILR
3,0.9629925844492955,0.6931818181818182,0.788077731092437,0.4594594594594595,GaussianNB,non_microbial,ILR
4,0.9682638764990275,0.6931818181818182,0.7637167366946779,0.32432432432432434,GaussianNB,non_microbial,ILR
0,1.0,1.0,0.5338235294117646,0.13513513513513514,QuadraticDiscriminantAnalysis,non_microbial,ILR
1,1.0,1.0,0.5337710084033613,0.13513513513513514,QuadraticDiscriminantAnalysis,non_microbial,ILR
2,1.0,1.0,0.544187675070028,0.13513513513513514,QuadraticDiscriminantAnalysis,non_microbial,ILR
3,1.0,1.0,0.544108893557423,0.13513513513513514,QuadraticDiscriminantAnalysis,non_microbial,ILR
4,1.0,1.0,0.5111519607843138,0.08108108108108109,QuadraticDiscriminantAnalysis,non_microbial,ILR
0,0.9213622941728199,0.2840909090909091,0.8356617647058824,0.13513513513513514,Logistic Regression,microbial,TSS
1,0.9313818370332536,0.23863636363636365,0.8625700280112045,0.10810810810810811,Logistic Regression,microbial,TSS
2,0.927548937037348,0.4318181818181818,0.8749649859943978,0.32432432432432434,Logistic Regression,microbial,TSS
3,0.929468582080937,0.4772727272727273,0.875437675070028,0.40540540540540543,Logistic Regression,microbial,TSS
4,0.9317327235772358,0.3977272727272727,0.8651435574229691,0.2972972972972973,Logistic Regression,microbial,TSS
0,0.9878300254184891,0.75,0.8664653361344538,0.5675675675675675,KNeighborsClassifier,microbial,TSS
1,0.9866516060612952,0.7727272727272727,0.8924807422969188,0.6216216216216216,KNeighborsClassifier,microbial,TSS
2,0.9877047825448134,0.8295454545454546,0.8673669467787115,0.6756756756756757,KNeighborsClassifier,microbial,TSS
3,0.988796125267621,0.7727272727272727,0.9005689775910364,0.6756756756756757,KNeighborsClassifier,microbial,TSS
4,0.9892814069868324,0.7613636363636364,0.8809261204481793,0.6216216216216216,KNeighborsClassifier,microbial,TSS
0,0.30054398698808654,0.2840909090909091,0.35239845938375347,0.1891891891891892,SVC (Linear),microbial,TSS
1,0.5316762245944677,0.22727272727272727,0.5341736694677871,0.16216216216216217,SVC (Linear),microbial,TSS
2,0.07657519231980187,0.4431818181818182,0.13870798319327732,0.35135135135135137,SVC (Linear),microbial,TSS
3,0.07335755259714818,0.3977272727272727,0.1315826330532213,0.3783783783783784,SVC (Linear),microbial,TSS
4,0.06974595901025707,0.4318181818181818,0.14355742296918766,0.3783783783783784,SVC (Linear),microbial,TSS
0,0.3458570866411834,0.3409090909090909,0.3865371148459384,0.21621621621621623,SVC (RBF),microbial,TSS
1,0.5315189676955338,0.32954545454545453,0.5029586834733893,0.21621621621621623,SVC (RBF),microbial,TSS
2,0.2107939379469096,0.48863636363636365,0.26045168067226887,0.40540540540540543,SVC (RBF),microbial,TSS
3,0.2574971926031653,0.48863636363636365,0.2904586834733893,0.40540540540540543,SVC (RBF),microbial,TSS
4,0.19207101708226637,0.5340909090909091,0.2250700280112045,0.4594594594594595,SVC (RBF),microbial,TSS
0,0.9393220785289824,0.6931818181818182,0.8880252100840336,0.4864864864864865,Gaussian Process,microbial,TSS
1,0.9555559329199622,0.7272727272727273,0.9068277310924369,0.6486486486486487,Gaussian Process,microbial,TSS
2,0.960472267991828,0.6704545454545454,0.8884628851540617,0.5135135135135135,Gaussian Process,microbial,TSS
3,0.9554645410911939,0.6363636363636364,0.9226190476190477,0.5675675675675675,Gaussian Process,microbial,TSS
4,0.9869300262898283,0.7613636363636364,0.9496148459383753,0.6486486486486487,Gaussian Process,microbial,TSS
0,0.8643811716895975,0.5681818181818182,0.6558385854341736,0.24324324324324326,Decision Tree,microbial,TSS
1,0.8241362784665569,0.4659090909090909,0.7134366246498599,0.24324324324324326,Decision Tree,microbial,TSS
2,0.8254198195219904,0.4659090909090909,0.7347076330532212,0.3783783783783784,Decision Tree,microbial,TSS
3,0.9470154354351203,0.7272727272727273,0.8571953781512605,0.5405405405405406,Decision Tree,microbial,TSS
4,0.8285370795026796,0.4772727272727273,0.7188025210084033,0.35135135135135137,Decision Tree,microbial,TSS
0,0.9975357456409715,0.9090909090909091,0.8362920168067226,0.4594594594594595,Random Forest,microbial,TSS
1,0.9947565264283356,0.9318181818181818,0.8842787114845938,0.6486486486486487,Random Forest,microbial,TSS
2,0.9994918699186992,0.9772727272727273,0.889828431372549,0.4864864864864865,Random Forest,microbial,TSS
3,0.9907493103948897,0.9659090909090909,0.8865721288515406,0.5675675675675675,Random Forest,microbial,TSS
4,0.9989202235772358,0.9545454545454546,0.8975227591036415,0.4594594594594595,Random Forest,microbial,TSS
0,0.8360622833150902,0.23863636363636365,0.7487920168067226,0.13513513513513514,MLPClassifier,microbial,TSS
1,0.8674475830311826,0.23863636363636365,0.7819327731092437,0.16216216216216217,MLPClassifier,microbial,TSS
2,0.8632248724864616,0.32954545454545453,0.7888480392156862,0.24324324324324326,MLPClassifier,microbial,TSS
3,0.8622997871276045,0.3068181818181818,0.8026610644257702,0.2702702702702703,MLPClassifier,microbial,TSS
4,0.8630498256090564,0.3181818181818182,0.7935924369747899,0.21621621621621623,MLPClassifier,microbial,TSS
0,0.7214962038760281,0.20454545454545456,0.7177696078431373,0.1891891891891892,AdaBoostClassifier,microbial,TSS
1,0.713505177310092,0.2727272727272727,0.6425595238095239,0.1891891891891892,AdaBoostClassifier,microbial,TSS
2,0.7314568596686397,0.20454545454545456,0.7121498599439776,0.1891891891891892,AdaBoostClassifier,microbial,TSS
3,0.7313114610007976,0.17045454545454544,0.7246498599439776,0.13513513513513514,AdaBoostClassifier,microbial,TSS
4,0.6962667744147321,0.17045454545454544,0.6922794117647059,0.16216216216216217,AdaBoostClassifier,microbial,TSS
0,1.0,1.0,0.7799719887955181,0.5135135135135135,GaussianNB,microbial,TSS
1,1.0,1.0,0.8155987394957984,0.6486486486486487,GaussianNB,microbial,TSS
2,1.0,1.0,0.7711659663865547,0.5135135135135135,GaussianNB,microbial,TSS
3,1.0,1.0,0.803063725490196,0.5945945945945946,GaussianNB,microbial,TSS
4,1.0,1.0,0.7468487394957983,0.4864864864864865,GaussianNB,microbial,TSS
0,1.0,1.0,0.5771971288515406,0.1891891891891892,QuadraticDiscriminantAnalysis,microbial,TSS
1,1.0,1.0,0.5665703781512605,0.1891891891891892,QuadraticDiscriminantAnalysis,microbial,TSS
2,1.0,1.0,0.6111782212885154,0.2702702702702703,QuadraticDiscriminantAnalysis,microbial,TSS
3,1.0,1.0,0.6442401960784314,0.32432432432432434,QuadraticDiscriminantAnalysis,microbial,TSS
4,1.0,1.0,0.6047881652661065,0.24324324324324326,QuadraticDiscriminantAnalysis,microbial,TSS
0,1.0,1.0,0.9338497899159663,0.7567567567567568,Logistic Regression,microbial,CSS
1,1.0,1.0,0.9439425770308123,0.8648648648648649,Logistic Regression,microbial,CSS
2,1.0,1.0,0.9525910364145659,0.8108108108108109,Logistic Regression,microbial,CSS
3,1.0,1.0,0.9432685574229691,0.8378378378378378,Logistic Regression,microbial,CSS
4,0.8641054636665128,0.25,0.7299369747899159,0.13513513513513514,Logistic Regression,microbial,CSS
0,0.9776497935460385,0.6022727272727273,0.8196428571428571,0.40540540540540543,KNeighborsClassifier,microbial,CSS
1,0.9774658875128207,0.6590909090909091,0.8546393557422969,0.4594594594594595,KNeighborsClassifier,microbial,CSS
2,0.9824779136143879,0.7159090909090909,0.8406162464985993,0.4864864864864865,KNeighborsClassifier,microbial,CSS
3,0.9789766590315967,0.6590909090909091,0.8641981792717086,0.5405405405405406,KNeighborsClassifier,microbial,CSS
4,0.9847620118977651,0.6477272727272727,0.8464285714285714,0.5135135135135135,KNeighborsClassifier,microbial,CSS
0,0.8648654857039463,1.0,0.7882002801120447,0.6756756756756757,SVC (Linear),microbial,CSS
1,0.9442830527329347,1.0,0.8994747899159664,0.7027027027027027,SVC (Linear),microbial,CSS
2,0.8810874595944755,1.0,0.798266806722689,0.6216216216216216,SVC (Linear),microbial,CSS
3,0.8849087005688259,1.0,0.8154236694677872,0.7027027027027027,SVC (Linear),microbial,CSS
4,0.9184650186110295,1.0,0.8640056022408964,0.6756756756756757,SVC (Linear),microbial,CSS
0,0.0,1.0,0.5,0.05405405405405406,SVC (RBF),microbial,CSS
1,0.0,1.0,0.5,0.05405405405405406,SVC (RBF),microbial,CSS
2,0.0,1.0,0.5,0.05405405405405406,SVC (RBF),microbial,CSS
3,0.0,1.0,0.5,0.05405405405405406,SVC (RBF),microbial,CSS
4,0.0,1.0,0.5,0.05405405405405406,SVC (RBF),microbial,CSS
0,1.0,1.0,0.5,0.05405405405405406,Gaussian Process,microbial,CSS
1,1.0,1.0,0.5,0.05405405405405406,Gaussian Process,microbial,CSS
2,1.0,1.0,0.5,0.05405405405405406,Gaussian Process,microbial,CSS
3,1.0,1.0,0.5,0.05405405405405406,Gaussian Process,microbial,CSS
4,1.0,1.0,0.5,0.05405405405405406,Gaussian Process,microbial,CSS
0,0.95001761830196,0.7613636363636364,0.7443277310924369,0.35135135135135137,Decision Tree,microbial,CSS
1,0.9009688191402855,0.48863636363636365,0.7542629551820729,0.2972972972972973,Decision Tree,microbial,CSS
2,0.9146925135209829,0.5454545454545454,0.7284838935574229,0.2972972972972973,Decision Tree,microbial,CSS
3,0.9498662332255853,0.7272727272727273,0.7377363445378151,0.3783783783783784,Decision Tree,microbial,CSS
4,0.9596581010452963,0.7159090909090909,0.721656162464986,0.3783783783783784,Decision Tree,microbial,CSS
0,0.9991880219289858,0.9772727272727273,0.8730742296918768,0.5135135135135135,Random Forest,microbial,CSS
1,0.9979495002043275,0.9545454545454546,0.8098914565826331,0.4594594594594595,Random Forest,microbial,CSS
2,0.9988567073170732,0.9659090909090909,0.8494397759103641,0.40540540540540543,Random Forest,microbial,CSS
3,0.9966200275842044,0.9431818181818182,0.8793329831932772,0.5675675675675675,Random Forest,microbial,CSS
4,0.9989456738102235,0.9659090909090909,0.911423319327731,0.6756756756756757,Random Forest,microbial,CSS
0,0.9981017922509499,0.9659090909090909,0.8273634453781512,0.5675675675675675,MLPClassifier,microbial,CSS
1,1.0,1.0,0.9193539915966387,0.7027027027027027,MLPClassifier,microbial,CSS
2,1.0,1.0,0.8691351540616247,0.6216216216216216,MLPClassifier,microbial,CSS
3,1.0,1.0,0.8973389355742296,0.5675675675675675,MLPClassifier,microbial,CSS
4,1.0,1.0,0.9118084733893557,0.6486486486486487,MLPClassifier,microbial,CSS
0,0.7428612321187577,0.10227272727272728,0.6978641456582633,0.05405405405405406,AdaBoostClassifier,microbial,CSS
1,0.6348675188559114,0.14772727272727273,0.5826155462184874,0.10810810810810811,AdaBoostClassifier,microbial,CSS
2,0.6231102546072793,0.125,0.5835084033613446,0.08108108108108109,AdaBoostClassifier,microbial,CSS
3,0.7913818328628102,0.23863636363636365,0.7240371148459384,0.21621621621621623,AdaBoostClassifier,microbial,CSS
4,0.7629013713827435,0.14772727272727273,0.685609243697479,0.10810810810810811,AdaBoostClassifier,microbial,CSS
0,0.9854577540384793,0.7840909090909091,0.8229779411764706,0.4864864864864865,GaussianNB,microbial,CSS
1,0.9963297634984383,0.9318181818181818,0.8685661764705883,0.7027027027027027,GaussianNB,microbial,CSS
2,0.9826548572338133,0.7954545454545454,0.8646446078431373,0.5405405405405406,GaussianNB,microbial,CSS
3,0.985718024537173,0.7954545454545454,0.9022584033613444,0.6486486486486487,GaussianNB,microbial,CSS
4,0.9853912601626016,0.8068181818181818,0.8459558823529412,0.5405405405405406,GaussianNB,microbial,CSS
0,1.0,1.0,0.5330357142857143,0.10810810810810811,QuadraticDiscriminantAnalysis,microbial,CSS
1,1.0,1.0,0.49992121848739496,0.05405405405405406,QuadraticDiscriminantAnalysis,microbial,CSS
2,1.0,1.0,0.5443189775910364,0.13513513513513514,QuadraticDiscriminantAnalysis,microbial,CSS
3,1.0,1.0,0.5330094537815127,0.10810810810810811,QuadraticDiscriminantAnalysis,microbial,CSS
4,1.0,1.0,0.5330357142857143,0.10810810810810811,QuadraticDiscriminantAnalysis,microbial,CSS
0,1.0,1.0,0.9824229691876751,0.8648648648648649,Logistic Regression,microbial,CLR
1,1.0,1.0,0.9839285714285715,0.918918918918919,Logistic Regression,microbial,CLR
2,1.0,1.0,0.9901785714285715,0.8648648648648649,Logistic Regression,microbial,CLR
3,1.0,1.0,0.9928571428571429,0.918918918918919,Logistic Regression,microbial,CLR
4,1.0,1.0,0.99375,0.918918918918919,Logistic Regression,microbial,CLR
0,0.997641515377551,0.8863636363636364,0.9407738095238095,0.6756756756756757,KNeighborsClassifier,microbial,CLR
1,0.9967752761918756,0.8636363636363636,0.9618609943977592,0.7297297297297297,KNeighborsClassifier,microbial,CLR
2,0.9966518403754391,0.875,0.9206144957983193,0.7837837837837838,KNeighborsClassifier,microbial,CLR
3,0.9963479790241103,0.8181818181818182,0.948468137254902,0.7837837837837838,KNeighborsClassifier,microbial,CLR
4,0.9969739038908246,0.875,0.9636729691876751,0.7567567567567568,KNeighborsClassifier,microbial,CLR
0,1.0,1.0,0.9776785714285714,0.8648648648648649,SVC (Linear),microbial,CLR
1,1.0,1.0,0.9866071428571429,0.8918918918918919,SVC (Linear),microbial,CLR
2,1.0,1.0,0.9785714285714286,0.8648648648648649,SVC (Linear),microbial,CLR
3,1.0,1.0,0.9830357142857142,0.8918918918918919,SVC (Linear),microbial,CLR
4,1.0,1.0,0.9901785714285715,0.8918918918918919,SVC (Linear),microbial,CLR
0,0.0,1.0,0.5,0.05405405405405406,SVC (RBF),microbial,CLR
1,0.0,1.0,0.5,0.08108108108108109,SVC (RBF),microbial,CLR
2,0.0,1.0,0.5,0.08108108108108109,SVC (RBF),microbial,CLR
3,0.0,1.0,0.5,0.08108108108108109,SVC (RBF),microbial,CLR
4,0.0,1.0,0.5,0.08108108108108109,SVC (RBF),microbial,CLR
0,1.0,1.0,0.5,0.05405405405405406,Gaussian Process,microbial,CLR
1,1.0,1.0,0.5,0.05405405405405406,Gaussian Process,microbial,CLR
2,1.0,1.0,0.5,0.05405405405405406,Gaussian Process,microbial,CLR
3,1.0,1.0,0.5,0.05405405405405406,Gaussian Process,microbial,CLR
4,1.0,1.0,0.5,0.05405405405405406,Gaussian Process,microbial,CLR
0,0.8812018329965883,0.5795454545454546,0.6885679271708682,0.2972972972972973,Decision Tree,microbial,CLR
1,0.9078730426934218,0.5681818181818182,0.7030637254901961,0.24324324324324326,Decision Tree,microbial,CLR
2,0.7967657050239285,0.42045454545454547,0.7236519607843137,0.3783783783783784,Decision Tree,microbial,CLR
3,0.8385944146796245,0.48863636363636365,0.6675245098039215,0.24324324324324326,Decision Tree,microbial,CLR
4,0.8752413289919259,0.4772727272727273,0.7428571428571429,0.3783783783783784,Decision Tree,microbial,CLR
0,0.995596424606673,0.9204545454545454,0.8576505602240896,0.4864864864864865,Random Forest,microbial,CLR
1,0.9987075718508309,0.9659090909090909,0.8801995798319328,0.4594594594594595,Random Forest,microbial,CLR
2,0.9991878992450639,0.9772727272727273,0.8369397759103642,0.5405405405405406,Random Forest,microbial,CLR
3,0.9970782520325203,0.9318181818181818,0.8506302521008404,0.4864864864864865,Random Forest,microbial,CLR
4,0.9969839724752669,0.9318181818181818,0.9052170868347339,0.5135135135135135,Random Forest,microbial,CLR
0,1.0,1.0,0.9895658263305322,0.8378378378378378,MLPClassifier,microbial,CLR
1,1.0,1.0,0.9883928571428571,0.918918918918919,MLPClassifier,microbial,CLR
2,1.0,1.0,0.9919642857142857,0.918918918918919,MLPClassifier,microbial,CLR
3,1.0,1.0,0.9875,0.918918918918919,MLPClassifier,microbial,CLR
4,1.0,1.0,0.99375,0.918918918918919,MLPClassifier,microbial,CLR
0,0.5709814472433548,0.1590909090909091,0.553046218487395,0.10810810810810811,AdaBoostClassifier,microbial,CLR
1,0.6770564052247188,0.19318181818181818,0.6237044817927171,0.1891891891891892,AdaBoostClassifier,microbial,CLR
2,0.6231102546072793,0.125,0.5835084033613446,0.08108108108108109,AdaBoostClassifier,microbial,CLR
3,0.6121042313854721,0.125,0.5675595238095238,0.10810810810810811,AdaBoostClassifier,microbial,CLR
4,0.6380563357524174,0.14772727272727273,0.5737920168067225,0.13513513513513514,AdaBoostClassifier,microbial,CLR
0,0.9996234939759037,0.9886363636363636,0.8055847338935573,0.43243243243243246,GaussianNB,microbial,CLR
1,1.0,0.9886363636363636,0.8680847338935573,0.5405405405405406,GaussianNB,microbial,CLR
2,0.9998729674796748,0.9772727272727273,0.880033263305322,0.6216216216216216,GaussianNB,microbial,CLR
3,0.9996234939759037,0.9772727272727273,0.8854954481792717,0.5405405405405406,GaussianNB,microbial,CLR
4,1.0,0.9772727272727273,0.8703343837535014,0.5675675675675675,GaussianNB,microbial,CLR
0,1.0,1.0,0.5606267507002801,0.16216216216216217,QuadraticDiscriminantAnalysis,microbial,CLR
1,1.0,1.0,0.5386379551820728,0.13513513513513514,QuadraticDiscriminantAnalysis,microbial,CLR
2,1.0,1.0,0.4891894257703081,0.05405405405405406,QuadraticDiscriminantAnalysis,microbial,CLR
3,1.0,1.0,0.5988970588235294,0.21621621621621623,QuadraticDiscriminantAnalysis,microbial,CLR
4,1.0,1.0,0.5668067226890756,0.1891891891891892,QuadraticDiscriminantAnalysis,microbial,CLR
0,1.0,1.0,0.9824229691876751,0.8648648648648649,Logistic Regression,microbial,ILR
1,1.0,1.0,0.9839285714285715,0.918918918918919,Logistic Regression,microbial,ILR
2,1.0,1.0,0.9901785714285715,0.8648648648648649,Logistic Regression,microbial,ILR
3,1.0,1.0,0.9928571428571429,0.918918918918919,Logistic Regression,microbial,ILR
4,1.0,1.0,0.99375,0.918918918918919,Logistic Regression,microbial,ILR
0,0.997641515377551,0.8863636363636364,0.9407738095238095,0.6756756756756757,KNeighborsClassifier,microbial,ILR
1,0.9967752761918756,0.8636363636363636,0.9618609943977592,0.7297297297297297,KNeighborsClassifier,microbial,ILR
2,0.9966518403754391,0.875,0.9206144957983193,0.7837837837837838,KNeighborsClassifier,microbial,ILR
3,0.9963479790241103,0.8181818181818182,0.948468137254902,0.7837837837837838,KNeighborsClassifier,microbial,ILR
4,0.9969739038908246,0.875,0.9636729691876751,0.7567567567567568,KNeighborsClassifier,microbial,ILR
0,1.0,1.0,0.9776785714285714,0.8648648648648649,SVC (Linear),microbial,ILR
1,1.0,1.0,0.9866071428571429,0.8918918918918919,SVC (Linear),microbial,ILR
2,1.0,1.0,0.9776785714285714,0.8648648648648649,SVC (Linear),microbial,ILR
3,1.0,1.0,0.9839285714285715,0.8918918918918919,SVC (Linear),microbial,ILR
4,1.0,1.0,0.9875,0.8918918918918919,SVC (Linear),microbial,ILR
0,0.0,1.0,0.5,0.05405405405405406,SVC (RBF),microbial,ILR
1,0.0,1.0,0.5,0.08108108108108109,SVC (RBF),microbial,ILR
2,0.0,1.0,0.5,0.08108108108108109,SVC (RBF),microbial,ILR
3,0.0,1.0,0.5,0.08108108108108109,SVC (RBF),microbial,ILR
4,0.0,1.0,0.5,0.08108108108108109,SVC (RBF),microbial,ILR
0,1.0,1.0,0.5,0.05405405405405406,Gaussian Process,microbial,ILR
1,1.0,1.0,0.5,0.05405405405405406,Gaussian Process,microbial,ILR
2,1.0,1.0,0.5,0.05405405405405406,Gaussian Process,microbial,ILR
3,1.0,1.0,0.5,0.05405405405405406,Gaussian Process,microbial,ILR
4,1.0,1.0,0.5,0.05405405405405406,Gaussian Process,microbial,ILR
0,0.8262146732659117,0.45454545454545453,0.6352766106442578,0.21621621621621623,Decision Tree,microbial,ILR
1,0.8540741751364731,0.4659090909090909,0.720702030812325,0.2972972972972973,Decision Tree,microbial,ILR
2,0.7940551404223164,0.4318181818181818,0.7046481092436975,0.2972972972972973,Decision Tree,microbial,ILR
3,0.860533029329863,0.48863636363636365,0.771875,0.3783783783783784,Decision Tree,microbial,ILR
4,0.8462667088213481,0.36363636363636365,0.7501050420168067,0.2702702702702703,Decision Tree,microbial,ILR
0,0.9922326873632095,0.9545454545454546,0.8207545518207283,0.3783783783783784,Random Forest,microbial,ILR
1,0.996831871135335,0.9431818181818182,0.8653011204481793,0.4864864864864865,Random Forest,microbial,ILR
2,0.9980565554902537,0.9431818181818182,0.856967787114846,0.5405405405405406,Random Forest,microbial,ILR
3,0.9980355328106852,0.9659090909090909,0.8446165966386554,0.5135135135135135,Random Forest,microbial,ILR
4,0.9980890898087122,0.9772727272727273,0.9033175770308123,0.5135135135135135,Random Forest,microbial,ILR
0,1.0,1.0,0.9833158263305323,0.8918918918918919,MLPClassifier,microbial,ILR
1,1.0,1.0,0.9892857142857143,0.918918918918919,MLPClassifier,microbial,ILR
2,1.0,1.0,0.9919642857142857,0.8918918918918919,MLPClassifier,microbial,ILR
3,1.0,1.0,0.9946428571428572,0.918918918918919,MLPClassifier,microbial,ILR
4,1.0,1.0,0.9928571428571429,0.8918918918918919,MLPClassifier,microbial,ILR
0,0.6774394527717269,0.2727272727272727,0.5850140056022409,0.13513513513513514,AdaBoostClassifier,microbial,ILR
1,0.5709822124995012,0.1590909090909091,0.5291491596638656,0.08108108108108109,AdaBoostClassifier,microbial,ILR
2,0.6263999814589368,0.19318181818181818,0.5608718487394958,0.13513513513513514,AdaBoostClassifier,microbial,ILR
3,0.731544426836265,0.2159090909090909,0.7039040616246499,0.1891891891891892,AdaBoostClassifier,microbial,ILR
4,0.6155803527699649,0.18181818181818182,0.5958858543417367,0.16216216216216217,AdaBoostClassifier,microbial,ILR
0,1.0,1.0,0.7801383053221288,0.2972972972972973,GaussianNB,microbial,ILR
1,1.0,0.9886363636363636,0.836204481792717,0.43243243243243246,GaussianNB,microbial,ILR
2,0.9996189024390244,0.9886363636363636,0.8528011204481794,0.5405405405405406,GaussianNB,microbial,ILR
3,1.0,1.0,0.8748336834733894,0.4594594594594595,GaussianNB,microbial,ILR
4,1.0,1.0,0.8049894957983194,0.40540540540540543,GaussianNB,microbial,ILR
0,1.0,1.0,0.5554971988795517,0.16216216216216217,QuadraticDiscriminantAnalysis,microbial,ILR
1,1.0,1.0,0.4943189775910364,0.05405405405405406,QuadraticDiscriminantAnalysis,microbial,ILR
2,1.0,1.0,0.48311449579831933,0.02702702702702703,QuadraticDiscriminantAnalysis,microbial,ILR
3,1.0,1.0,0.5554184173669467,0.16216216216216217,QuadraticDiscriminantAnalysis,microbial,ILR
4,1.0,1.0,0.4832983193277311,0.02702702702702703,QuadraticDiscriminantAnalysis,microbial,ILR
